[
    {
        "id": "1",
        "login": "1",
        "password":"1234",
        "name": "StickMan",
        "surname": "Black",
        "instrument": "Perforator",
        "sex": "Male",
        "describe": "I like play on perforator"
    },
    {
        "id": "2",
        "login": "2",
        "password":"1234",
        "name": "StickWomen",
        "surname": "Black",
        "instrument": "Piano",
        "sex": "Female",
        "describe": "I like play on Piano"
    }
]